"Fecha y Hora";"Nombre";"Email";"Categoria";"Pregunta";"Respuesta Elegida";"Respuesta Correcta";"Resultado";"Tiempo (s)";"Puntos"
"29/8/2026, 12:27:17";"Sofia Gomez";"sofia@test.com";"Micromovilidad";"Para circular en CABA dentro del marco reglamentario de movilidad personal (hasta 25 km/h y motor de hasta 250W/500W), ¿cuál de estos vehículos debe ofrecer asistencia únicamente mientras el usuario pedalea para conservar su estatus de ciclo rodado?";"B) Bici eléctrica";"B) Bici eléctrica";"CORRECTO";"26.6";"100"
"29/8/2026, 12:27:47";"Sofia Gomez";"sofia@test.com";"Micromovilidad";"Para la limpieza de cuál de estos vehículos se advierte expresamente no utilizar hidrolavadoras ni agua a presión para no dañar las conexiones del motor central o de maza, la pantalla del manubrio y la batería:";"B) Bici eléctrica";"B) Bici eléctrica";"CORRECTO";"28.04";"100"
"29/8/2026, 12:29:07";"Sofia Gomez";"sofia@test.com";"Micromovilidad";"Para evitar riesgos de incendio o explosión por fuga térmica durante la recarga en el hogar, ¿en qué vehículo se enfatiza como regla de oro no cargarlo sobre alfombras o telas y dejar enfriar la batería 20 minutos antes de enchufarla?";"A) Monopatín eléctrico";"A) Monopatín eléctrico";"CORRECTO";"77.4";"100"
"29/8/2026, 12:30:00";"Sofia Gomez";"sofia@test.com";"Micromovilidad";"¿Cuál de los siguientes vehículos presenta el riesgo de 'Cut-Off' (apagón repentino del motor) al sobreexigir la potencia del sistema o sufrir una caída brusca de voltaje?";"C) Monociclo eléctrico";"C) Monociclo eléctrico";"CORRECTO";"49.66";"100"
"29/8/2026, 12:30:32";"Sofia Gomez";"sofia@test.com";"Micromovilidad";"¿Cuál de estos vehículos utiliza un sistema giroscópico (IMU) como método principal para acelerar, frenar y mantener el equilibrio del usuario?";"C) Monociclo eléctrico";"C) Monociclo eléctrico";"CORRECTO";"29.66";"100"
"29/8/2026, 12:47:40";"Alejandro Test";"ale@test.com";"Peatones";"Si llegás a un cruce donde el semáforo vehicular está titilando en amarillo (intermitente) y hay un peatón esperando para cruzar, ¿cómo tenés que actuar?";"B) Reducir la velocidad, detenerte de ser necesario y ceder el paso al peatón, ya que la luz amarilla intermitente te exige máxima precaución.";"B) Reducir la velocidad, detenerte de ser necesario y ceder el paso al peatón, ya que la luz amarilla intermitente te exige máxima precaución.";"CORRECTO";"22.98";"100"
"29/8/2026, 12:48:10";"Alejandro Test";"ale@test.com";"Peatones";"En las ciudades es cada vez más común el fenómeno del 'peatón tecnológico' (personas que caminan mirando el celular o con auriculares puestos). Ante esto, ¿cuál es tu responsabilidad al volante?";"B) Extremar la precaución y anticipar que ese peatón podría no haber escuchado tu motor ni visto tu vehículo antes de bajar a la calle.";"B) Extremar la precaución y anticipar que ese peatón podría no haber escuchado tu motor ni visto tu vehículo antes de bajar a la calle.";"CORRECTO";"27.14";"100"
"29/8/2026, 12:48:42";"Alejandro Test";"ale@test.com";"Peatones";"Cuando no hay demarcación de la senda peatonal, ¿por dónde deben cruzar los peatones?";"C. Por la esquina, por la prolongación longitudinal de la vereda sobre la calle.";"C. Por la esquina, por la prolongación longitudinal de la vereda sobre la calle.";"CORRECTO";"29.7";"100"
"29/8/2026, 12:49:22";"Alejandro Test";"ale@test.com";"Peatones";"Para garantizar la visibilidad al caminar de noche o en condiciones de niebla por bordes de calzada, ¿qué se recomienda al peatón?";"B) Vestir indumentaria de colores claros o elementos reflectantes.";"B) Vestir indumentaria de colores claros o elementos reflectantes.";"CORRECTO";"37.38";"100"
"29/8/2026, 12:50:02";"Alejandro Test";"ale@test.com";"Peatones";"Al conducir tu vehículo y llegar a una esquina sin semáforos, ¿quién tiene la prioridad absoluta de paso según la ley de tránsito?";"A) El peatón que intenta cruzar o ya está cruzando por la senda peatonal (o esquina).";"A) El peatón que intenta cruzar o ya está cruzando por la senda peatonal (o esquina).";"CORRECTO";"37.94";"100"
"29/8/2026, 01:44:49";"Camila Fernandez";"camila@test.com";"Peatones";"Cuando no hay demarcación de la senda peatonal, ¿por dónde deben cruzar los peatones?";"C. Por la esquina, por la prolongación longitudinal de la vereda sobre la calle.";"C. Por la esquina, por la prolongación longitudinal de la vereda sobre la calle.";"CORRECTO";"28.8";"100"
"29/8/2026, 01:45:20";"Camila Fernandez";"camila@test.com";"Peatones";"Al conducir tu vehículo y llegar a una esquina sin semáforos, ¿quién tiene la prioridad absoluta de paso según la ley de tránsito?";"A) El peatón que intenta cruzar o ya está cruzando por la senda peatonal (o esquina).";"A) El peatón que intenta cruzar o ya está cruzando por la senda peatonal (o esquina).";"CORRECTO";"28.44";"100"
"29/8/2026, 01:45:54";"Camila Fernandez";"camila@test.com";"Peatones";"En caso de siniestro, el orden de actuación recomendado es...";"B) Proteger - Alertar - Socorrer.";"B) Proteger - Alertar - Socorrer.";"CORRECTO";"31.18";"100"
"29/8/2026, 01:46:31";"Camila Fernandez";"camila@test.com";"Peatones";"¿Cómo debe comportarse un peatón al momento de cruzar por un paso a nivel ferroviario (vías del tren)?";"B) Debe cruzar únicamente por los pasos laberinto o pasarelas habilitadas, verificando que la señal sonora y luminosa esté apagada y las barreras levantadas.";"B) Debe cruzar únicamente por los pasos laberinto o pasarelas habilitadas, verificando que la señal sonora y luminosa esté apagada y las barreras levantadas.";"CORRECTO";"34.34";"100"
"29/8/2026, 01:47:06";"Camila Fernandez";"camila@test.com";"Peatones";"Para garantizar la visibilidad al caminar de noche o en condiciones de niebla por bordes de calzada, ¿qué se recomienda al peatón?";"B) Vestir indumentaria de colores claros o elementos reflectantes.";"B) Vestir indumentaria de colores claros o elementos reflectantes.";"CORRECTO";"32.79";"100"
"29/8/2026, 07:27:19";"Mariano Gomez";"mariano@test.com";"Auto";"Salvo que la señalización vial indique lo contrario, ¿cuál es el límite máximo de velocidad permitido para un auto que circula por una avenida en una zona urbana?";"B) 60 km/h.";"B) 60 km/h.";"CORRECTO";"35.14";"100"
"29/8/2026, 07:27:56";"Mariano Gomez";"mariano@test.com";"Auto";"Al circular por la cuadra de una escuela en los horarios de entrada o salida de los alumnos, ¿cuál es el límite de velocidad máximo y la conducta a seguir?";"B) La velocidad máxima se reduce a 20 km/h (paso de hombre) y se debe extremar la atención ante el cruce imprevisto de niños.";"B) La velocidad máxima se reduce a 20 km/h (paso de hombre) y se debe extremar la atención ante el cruce imprevisto de niños.";"CORRECTO";"34.03";"100"
"29/8/2026, 07:28:38";"Mariano Gomez";"mariano@test.com";"Auto";"¿Puede afectar negativamente la conducción, si el acompañante comienza una discusión con el conductor o con otra persona de la vía pública?";"B. Sí, puede entorpecer su capacidad de atención al contexto, ya que las discusiones generan un estado de estrés.";"B. Sí, puede entorpecer su capacidad de atención al contexto, ya que las discusiones generan un estado de estrés.";"CORRECTO";"39.14";"100"
"29/8/2026, 07:29:17";"Mariano Gomez";"mariano@test.com";"Auto";"¿En qué momento de la conducción es obligatorio circular con las luces bajas (luces de posición + cortas) encendidas en autos?";"B) De forma permanente las 24 horas del día tanto en rutas nacionales como en autopistas y autovías.";"B) De forma permanente las 24 horas del día tanto en rutas nacionales como en autopistas y autovías.";"CORRECTO";"36.86";"100"
"29/8/2026, 07:29:58";"Mariano Gomez";"mariano@test.com";"Auto";"¿Cuál es el tiempo promedio de reacción de un conductor desde que percibe un peligro hasta que acciona el freno?";"A. Aproximadamente 1 segundo.";"A. Aproximadamente 1 segundo.";"CORRECTO";"37.99";"100"
